John Doe, 120
Meho Mehic, 40
Alice, 220
John Doe, 120
Meho Mehic, 40
Alice, 220
John Doe, 120
Meho Mehic, 40
Alice, 220
John Doe, 120
Meho Mehic, 40
Alice, 220
John Doe, 120
Meho Mehic, 40
Alice, 220
John Doe, 120
Meho Mehic, 40
Alice, 220
John Doe, 120
Meho Mehic, 40
Alice, 220
John Doe, 120
Meho Mehic, 40
Alice, 220
John Doe, 120
Meho Mehic, 40
Alice, 220
John Doe, 120
Meho Mehic, 40
Alice, 220
John Doe, 120
Meho Mehic, 40
Alice, 220
John Doe, 120
Meho Mehic, 40
Alice, 220
John Doe, 120
Meho Mehic, 40
Alice, 220
John Doe, 120
Meho Mehic, 40
Alice, 220
John Doe, 120
Meho Mehic, 40
Alice, 220
John Doe, 120
Meho Mehic, 40
Alice, 220
John Doe, 120
Meho Mehic, 40
Alice, 220
John Doe, 120
Meho Mehic, 40
Alice, 220
John Doe, 120
Meho Mehic, 40
Alice, 220
John Doe, 120
Meho Mehic, 40
Alice, 220
John Doe, 120
Meho Mehic, 40
Alice, 220
John Doe, 120
Meho Mehic, 40
Alice, 220
John Doe, 120
Meho Mehic, 40
Alice, 220
John Doe, 120
Meho Mehic, 40
Alice, 220
John Doe, 120
Meho Mehic, 40
Alice, 220
John Doe, 120
Meho Mehic, 40
Alice, 220
John Doe, 120
Meho Mehic, 40
Alice, 220
John Doe, 120
Meho Mehic, 40
Alice, 220
John Doe, 120
Meho Mehic, 40
Alice, 220
John Doe, 120
Meho Mehic, 40
Alice, 220
John Doe, 120
Meho Mehic, 40
Alice, 220
John Doe, 120
Meho Mehic, 40
Alice, 220
John Doe, 120
Meho Mehic, 40
Alice, 220
John Doe, 120
Meho Mehic, 40
Alice, 220
John Doe, 120
Meho Mehic, 40
Alice, 220
John Doe, 120
Meho Mehic, 40
Alice, 220
John Doe, 120
Meho Mehic, 40
Alice, 220
John Doe, 120
Meho Mehic, 40
Alice, 220
John Doe, 120
Meho Mehic, 40
Alice, 220
John Doe, 120
Meho Mehic, 40
Alice, 220
John Doe, 120
Meho Mehic, 40
Alice, 220
John Doe, 120
Meho Mehic, 40
Alice, 220
John Doe, 120
Meho Mehic, 40
Alice, 220
John Doe, 120
Meho Mehic, 40
Alice, 220
John Doe, 120
Meho Mehic, 40
Alice, 220
John Doe, 120
Meho Mehic, 40
Alice, 220
John Doe, 120
Meho Mehic, 40
Alice, 220
John Doe, 120
Meho Mehic, 40
Alice, 220
